<?xml version="1.0" encoding="UTF-8"?>
<project-private xmlns="http://www.netbeans.org/ns/project-private/1">
    <editor-bookmarks xmlns="http://www.netbeans.org/ns/editor-bookmarks/2" lastBookmarkId="0"/>
    <open-files xmlns="http://www.netbeans.org/ns/projectui-open-files/2">
        <group>
            <file>file:/E:/Java%20Programe%20NetBeans/BloodBannkBangladesh/src/java/Controlar/hregister.java</file>
            <file>file:/E:/Java%20Programe%20NetBeans/BloodBannkBangladesh/web/userpg.html</file>
            <file>file:/E:/Java%20Programe%20NetBeans/BloodBannkBangladesh/src/java/Controlar/login.java</file>
            <file>file:/E:/Java%20Programe%20NetBeans/BloodBannkBangladesh/web/index.html</file>
            <file>file:/E:/Java%20Programe%20NetBeans/BloodBannkBangladesh/web/welcome.jsp</file>
        </group>
    </open-files>
</project-private>
