<?xml version="1.0"?>
<!DOCTYPE hibernate-mapping PUBLIC "-//Hibernate/Hibernate Mapping DTD 3.0//EN"
"http://www.hibernate.org/dtd/hibernate-mapping-3.0.dtd">
<!-- Generated Mar 22, 2018 11:37:09 PM by Hibernate Tools 4.3.1 -->
<hibernate-mapping>
    <class name="BloodBank.BregisterG049605" table="bregister_g049605" catalog="bnlivein_lict" optimistic-lock="version">
        <id name="bid" type="java.lang.Integer">
            <column name="bid" />
            <generator class="identity" />
        </id>
        <property name="bname" type="string">
            <column name="bname" length="45" not-null="true" />
        </property>
        <property name="bld" type="string">
            <column name="bld" length="45" not-null="true" />
        </property>
        <property name="address" type="string">
            <column name="address" length="45" not-null="true" />
        </property>
        <property name="password" type="string">
            <column name="password" length="45" not-null="true" />
        </property>
        <property name="email" type="string">
            <column name="email" length="65535" />
        </property>
    </class>
</hibernate-mapping>
