<?xml version="1.0"?>
<!DOCTYPE hibernate-mapping PUBLIC "-//Hibernate/Hibernate Mapping DTD 3.0//EN"
"http://www.hibernate.org/dtd/hibernate-mapping-3.0.dtd">
<!-- Generated Mar 22, 2018 11:37:09 PM by Hibernate Tools 4.3.1 -->
<hibernate-mapping>
    <class name="BloodBank.HregisterG049605" table="hregister_g049605" catalog="bnlivein_lict" optimistic-lock="version">
        <id name="hid" type="java.lang.Integer">
            <column name="hid" />
            <generator class="identity" />
        </id>
        <property name="hname" type="string">
            <column name="hname" length="45" not-null="true" />
        </property>
        <property name="trdate" type="string">
            <column name="trdate" length="45" not-null="true" />
        </property>
        <property name="bld" type="string">
            <column name="bld" length="45" not-null="true" />
        </property>
        <property name="address" type="string">
            <column name="address" length="45" not-null="true" />
        </property>
        <property name="pass" type="string">
            <column name="pass" length="45" not-null="true" />
        </property>
        <property name="email" type="string">
            <column name="email" length="65535" />
        </property>
    </class>
</hibernate-mapping>
