<?xml version="1.0"?>
<!DOCTYPE hibernate-mapping PUBLIC "-//Hibernate/Hibernate Mapping DTD 3.0//EN"
"http://www.hibernate.org/dtd/hibernate-mapping-3.0.dtd">
<!-- Generated Mar 22, 2018 11:37:09 PM by Hibernate Tools 4.3.1 -->
<hibernate-mapping>
    <class name="BloodBank.UregisterG049605" table="uregister_g049605" catalog="bnlivein_lict" optimistic-lock="version">
        <id name="uid" type="java.lang.Integer">
            <column name="uid" />
            <generator class="identity" />
        </id>
        <property name="name" type="string">
            <column name="name" length="45" not-null="true" />
        </property>
        <property name="email" type="string">
            <column name="email" length="45" not-null="true" />
        </property>
        <property name="mobile" type="string">
            <column name="mobile" length="45" not-null="true" />
        </property>
        <property name="gender" type="string">
            <column name="gender" length="45" not-null="true" />
        </property>
        <property name="age" type="string">
            <column name="age" length="45" not-null="true" />
        </property>
        <property name="bld" type="string">
            <column name="bld" length="45" not-null="true" />
        </property>
        <property name="location" type="string">
            <column name="location" length="45" not-null="true" />
        </property>
        <property name="pass" type="string">
            <column name="pass" length="45" />
        </property>
    </class>
</hibernate-mapping>
